nameWithOwner,createdAt,stargazerCount,commitCount,CBO,DIT,LCOM,LOC
Snailclimb/JavaGuide,2018-05-07T13:27:00Z,142481,838,0,0,0,1
GrowingGit/GitHub-Chinese-Top-Charts,2019-09-05T03:01:56Z,87329,382,0,1,0,2
macrozheng/mall,2018-04-04T01:11:44Z,74995,117,2976,942,844169,761
MisterBooo/LeetCodeAnimation,2018-12-06T08:01:22Z,74899,0,4,4,0,5
doocs/advanced-java,2018-10-06T11:38:30Z,73991,23,0,0,0,1
krahets/hello-algo,2022-11-04T11:08:34Z,73251,1346,219,108,506,109
spring-projects/spring-boot,2012-10-19T15:02:57Z,72438,7178,65419,16252,147523,12556
kdn251/interviews,2017-02-14T18:19:25Z,61451,0,344,258,75,258
spring-projects/spring-framework,2010-12-08T04:04:45Z,54878,3819,87978,24661,514524,16699
google/guava,2014-05-29T16:23:17Z,49298,497,25716,11062,315069,6493
NationalSecurityAgency/ghidra,2019-03-01T03:27:48Z,47144,3275,0,0,0,1
apache/dubbo,2012-06-19T07:56:02Z,39945,1421,23257,5700,183607,4454
skylot/jadx,2013-03-18T17:08:21Z,38670,289,11328,4122,79615,2597
jeecgboot/jeecg-boot,2018-11-26T10:40:00Z,37527,265,5383,853,38291,720
PhilJay/MPAndroidChart,2014-04-25T14:29:47Z,37206,0,2706,606,27856,307
dbeaver/dbeaver,2015-10-21T08:26:28Z,37081,1842,61522,13438,432315,8346
eugenp/tutorials,2013-04-29T18:26:36Z,35849,4931,80892,22240,123291,19914
geekxh/hello-algorithm,2020-05-29T05:47:09Z,34654,10,6,3,0,4
airbnb/lottie-android,2016-10-06T22:42:42Z,34626,103,1914,362,8773,279
alibaba/arthas,2018-08-29T17:15:57Z,34558,147,4028,1179,33815,857
bumptech/glide,2013-07-08T22:52:33Z,34306,181,8949,1858,29801,1505
Blankj/AndroidUtilCode,2016-07-30T18:18:32Z,32882,0,2782,914,97104,671
netty/netty,2010-11-09T09:22:21Z,32685,435,28965,10330,454714,6842
zxing/zxing,2011-10-12T14:07:27Z,32152,117,2876,1015,13570,596
xkcoding/spring-boot-demo,2017-11-10T06:27:29Z,31880,0,2434,545,1119,483
termux/termux-app,2015-10-23T09:42:46Z,30224,28,1895,455,18877,320
SeleniumHQ/selenium,2013-01-14T21:40:56Z,29148,2201,10825,2614,58647,1847
alibaba/nacos,2018-06-15T06:49:27Z,28891,458,15600,3710,47634,2863
TeamNewPipe/NewPipe,2015-09-03T23:39:26Z,28315,723,4767,940,24924,570
wuyouzhuguli/SpringAll,2018-05-02T02:48:44Z,27702,0,1941,415,1402,374
alibaba/canal,2013-01-13T10:59:52Z,27628,86,6044,1446,77346,1044
lenve/vhr,2018-01-04T08:57:51Z,26902,4,417,96,4543,95
JakeWharton/butterknife,2013-03-05T08:18:59Z,25575,0,1081,336,2851,273
hollischuang/toBeTopJavaer,2018-10-25T09:54:54Z,25131,3,0,0,0,1
signalapp/Signal-Android,2011-12-15T20:01:12Z,24822,3058,27721,6459,142481,4156
scwang90/SmartRefreshLayout,2017-06-02T09:52:50Z,24662,32,2549,656,11350,395
greenrobot/EventBus,2012-07-16T16:55:40Z,24572,0,627,336,1657,184
YunaiV/ruoyi-vue-pro,2021-01-24T03:18:25Z,23676,3058,23646,3785,50424,3050
DrKLO/Telegram,2013-10-25T14:08:10Z,23592,54,79929,19474,842950,11961
google/gson,2015-03-19T18:21:20Z,22912,222,3257,1343,21379,1104
libgdx/libgdx,2012-08-10T19:34:38Z,22621,143,20539,7104,14086984,4031
redisson/redisson,2014-01-11T14:06:25Z,22615,1323,14853,3394,411680,2521
bazelbuild/bazel,2014-06-12T16:00:38Z,22222,4816,86006,18384,742720,11610
alibaba/Sentinel,2018-04-04T06:37:33Z,21889,56,6553,1756,18585,1494
google/ExoPlayer,2014-06-13T21:19:18Z,21436,1841,24800,4279,171334,3282
Anuken/Mindustry,2017-04-30T01:24:29Z,20899,1591,0,0,0,1
elunez/eladmin,2018-12-14T08:54:24Z,20742,54,2189,334,1728,284
Stirling-Tools/Stirling-PDF,2023-01-27T18:22:42Z,20686,1634,1581,263,1586,197
apache/rocketmq,2016-11-30T08:00:08Z,20463,715,18388,3650,298459,2731
EnterpriseQualityCoding/FizzBuzzEnterpriseEdition,2012-11-24T00:14:41Z,20390,0,264,91,21,92
didi/DoKit,2018-08-14T10:32:07Z,19914,36,7143,2103,112602,1570
ReactiveX/RxAndroid,2014-08-19T03:46:38Z,19857,11,125,62,170,56
oracle/graal,2016-01-14T17:11:35Z,19725,10456,177812,65417,2650958,28112
OpenAPITools/openapi-generator,2018-05-12T09:57:56Z,19601,1849,18293,4557,370706,3618
CarGuo/GSYVideoPlayer,2016-11-13T12:34:31Z,19583,67,3279,946,34008,599
mybatis/mybatis-3,2013-02-14T19:03:32Z,19344,552,5680,2008,34643,1603
linlinjava/litemall,2018-03-22T16:42:30Z,18828,12,2849,695,945790,618
iBotPeaches/Apktool,2012-03-19T17:46:53Z,18687,220,1160,337,9608,180
dianping/cat,2012-12-05T02:31:48Z,18389,2,10380,2664,43748,1896
yudaocode/SpringBoot-Labs,2018-09-12T14:51:46Z,18314,0,6326,1541,2135,1464
openjdk/jdk,2018-09-17T12:29:20Z,18243,5954,0,0,0,1
forezp/SpringCloudLearning,2017-04-08T10:06:56Z,17726,0,654,150,80,144
Tencent/tinker,2016-09-06T06:57:52Z,17033,27,2393,808,13776,509
facebook/fresco,2015-03-02T09:58:04Z,17030,362,9099,1834,34352,1312
LMAX-Exchange/disruptor,2012-09-21T13:42:24Z,16979,30,1836,529,10612,411
nostra13/Android-Universal-Image-Loader,2011-11-27T18:48:23Z,16801,0,681,222,4038,141
openzipkin/zipkin,2012-06-06T18:26:16Z,16685,203,0,0,0,1
shuzheng/zheng,2016-10-04T10:07:06Z,16631,0,2306,717,173496,510
winterbe/java8-tutorial,2014-03-16T17:25:43Z,16588,1,91,88,344,89
Tencent/APIJSON,2016-11-21T12:03:29Z,16531,181,373,85,58625,68
williamfiset/Algorithms,2017-03-18T02:50:46Z,16405,99,1209,488,7501,464
infinilabs/analysis-ik,2011-12-16T09:01:45Z,16044,9,162,45,486,34
JeffLi1993/springboot-learning-example,2017-02-06T07:02:25Z,15993,2,522,119,279,115
justauth/JustAuth,2019-01-31T09:42:20Z,15914,43,942,234,2368,176
material-components/material-components-android,2016-12-05T16:11:29Z,15901,550,13777,2981,156679,1945
yuliskov/SmartTube,2020-07-28T12:53:52Z,15796,2893,20474,4808,199991,3123
baomidou/mybatis-plus,2016-08-18T10:06:53Z,15686,399,4886,1173,22640,872
Grasscutters/Grasscutter,2022-04-17T12:43:46Z,15577,403,0,0,0,1
dyc87112/SpringBoot-Learning,2016-08-21T03:39:06Z,15548,0,1209,276,392,270
thingsboard/thingsboard,2016-12-01T09:33:30Z,15471,5491,38137,7138,103332,4523
LSPosed/LSPosed,2020-12-12T08:39:37Z,15377,361,2357,703,20545,428
heibaiying/BigData-Notes,2019-03-10T01:40:01Z,15189,2,440,94,63,78
YunaiV/yudao-cloud,2019-05-02T16:06:49Z,15139,529,23609,3725,81602,3032
ben-manes/caffeine,2014-12-13T08:45:11Z,15121,629,5974,2034,177323,1222
alibaba/DataX,2018-01-18T10:09:47Z,15043,151,5068,1979,20765,1148
android-hacker/VirtualXposed,2017-12-01T09:00:58Z,15009,0,5594,4058,21353,1454
dataease/dataease,2021-02-02T04:10:21Z,14919,3413,3027,775,13848,692
mockito/mockito,2012-10-13T20:27:12Z,14530,220,6896,2912,38064,2078
hdodenhof/CircleImageView,2014-01-17T16:44:46Z,14528,1,33,7,536,4
alibaba/ARouter,2016-12-14T01:27:49Z,14371,0,362,138,1710,99
Tencent/QMUI_Android,2017-04-21T10:03:18Z,14309,1,5829,1737,37675,1067
Konloch/bytecode-viewer,2014-10-14T10:26:46Z,14298,48,1727,825,4611,386
apache/hadoop,2014-08-28T07:00:08Z,14265,847,158426,34953,1490291,21533
eclipse-vertx/vert.x,2011-06-17T14:54:55Z,14024,613,9784,2354,293573,1551
arduino/Arduino,2010-09-17T19:10:36Z,13973,0,1859,796,14725,451
elastic/logstash,2010-11-18T01:31:50Z,13971,365,4492,1333,17056,795
orhanobut/logger,2015-03-20T22:30:12Z,13760,0,105,21,269,19
apache/pulsar,2016-06-28T07:00:03Z,13683,1388,46073,11594,561628,6861
Curzibn/Luban,2016-07-24T07:43:21Z,13483,0,86,34,315,30
java-decompiler/jd-gui,2015-03-25T05:28:41Z,13460,0,1847,984,4524,408
zhisheng17/flink-learning,2019-01-01T07:38:28Z,14210,1,2480,648,1926,577
lgvalle/Material-Animations,2015-03-08T20:54:00Z,13544,0,198,66,214,46
tink-crypto/tink,2014-06-06T16:21:09Z,13456,2021,10934,1893,43637,1466
deeplearning4j/deeplearning4j,2013-11-27T02:03:28Z,13397,100,47530,12268,310620223,5568
questdb/questdb,2014-04-28T23:29:15Z,13385,733,0,0,0,1
seaswalker/spring-analysis,2016-09-09T07:46:32Z,13350,2,80,41,59,34
GoogleContainerTools/jib,2018-01-22T18:30:43Z,13346,105,4776,848,12039,703
JessYanCoding/AndroidAutoSize,2018-08-17T09:04:19Z,13299,0,265,69,1533,50
gyoogle/tech-interview-for-developer,2019-06-09T04:42:57Z,13278,58,17,13,12,14
apache/druid,2012-10-23T19:08:07Z,13166,1557,105242,18400,826613,13744
Netflix/zuul,2013-03-13T18:53:57Z,13135,246,3067,758,11868,473
LuckSiege/PictureSelector,2017-01-04T07:47:39Z,13034,139,3800,912,36444,738
Netflix/conductor,2016-12-07T22:48:42Z,12919,254,4930,833,52240,665
macrozheng/mall-learning,2019-04-12T13:20:31Z,12683,3,2071,483,204202,422
theonedev/onedev,2018-11-06T02:57:01Z,12610,690,43004,10774,158460,7487
greenrobot/greenDAO,2011-10-22T16:15:14Z,12608,1,1827,765,17273,365
projectlombok/lombok,2009-06-08T19:46:41Z,12550,270,8186,2659,51139,1954
zhihu/Matisse,2017-04-13T01:31:05Z,12487,0,506,106,614,77
daimajia/AndroidViewAnimations,2014-06-23T03:53:13Z,12394,0,277,148,188,83
neo4j/neo4j,2012-11-12T08:46:15Z,12374,3182,78339,17984,547693,11967
google/guice,2014-05-28T23:18:53Z,12332,85,12153,4832,29995,3754
janishar/mit-deep-learning-book-pdf,2017-04-07T10:46:50Z,12251,1,0,1,0,2
Netflix/eureka,2012-07-26T22:23:07Z,12189,18,4388,943,13781,743
DuGuQiuBai/Java,2015-11-25T07:30:08Z,12169,0,433,715,603,610
pagehelper/Mybatis-PageHelper,2014-06-09T15:32:30Z,12036,58,1041,255,5364,180
chat2db/Chat2DB,2023-06-20T14:05:26Z,11960,3399,5190,1062,9169,878
apache/dolphinscheduler,2019-03-01T16:39:25Z,11921,690,16922,3420,39908,2579
zaproxy/zaproxy,2015-06-03T16:55:01Z,11913,587,11604,4791,173585,2507
apache/zookeeper,2009-03-27T15:41:56Z,11891,109,9851,3408,64176,1719
supertokens/supertokens-core,2020-01-05T13:30:52Z,11806,340,8496,1173,43270,794
pxb1988/dex2jar,2015-03-16T09:13:07Z,11784,25,3101,897,12067,572
Tencent/VasSonic,2017-08-01T08:35:13Z,11773,0,466,142,2399,112
Yalantis/uCrop,2016-01-05T13:41:06Z,11745,17,485,105,2226,78
itwanger/toBeBetterJavaer,2018-11-08T00:35:56Z,11702,385,0,0,0,1
redis/jedis,2010-06-11T13:04:43Z,11573,262,4487,1207,468660,906
frank-lam/fullstack-tutorial,2018-04-13T01:50:10Z,11438,0,0,0,0,1
realm/realm-java,2012-04-20T09:18:42Z,11436,83,8672,2321,98943,1913
macrozheng/mall-swarm,2019-11-25T06:55:31Z,11282,16,2983,962,845259,780
code4craft/webmagic,2013-04-23T12:57:36Z,11210,45,1464,379,3955,327
permissions-dispatcher/PermissionsDispatcher,2015-08-15T21:41:05Z,11210,0,193,146,4091,120
careercup/CtCI-6th-Edition,2015-07-02T06:28:46Z,11125,0,1296,651,2730,610
alibaba/COLA,2018-02-06T13:46:27Z,11124,37,1699,558,1703,416
grpc/grpc-java,2014-12-08T19:00:00Z,11123,605,27725,6948,63055,4976
jfeinstein10/SlidingMenu,2012-06-30T05:14:23Z,11096,0,376,144,3511,75
mission-peace/interview,2014-07-20T21:27:31Z,10987,0,1341,692,2274,668
H07000223/FlycoTabLayout,2015-11-09T01:53:19Z,10982,0,213,51,7362,34
amitshekhariitbhu/android-interview-questions,2017-07-09T18:47:24Z,10844,41,0,1,0,2
alibaba/vlayout,2017-02-27T08:11:47Z,10805,0,845,295,11534,160
daniulive/SmarterStreaming,2016-03-26T14:46:02Z,10795,6,643,180,12318,172
metersphere/metersphere,2020-02-03T02:06:12Z,10753,3690,18295,3880,1504594,3027
square/javapoet,2013-02-01T16:56:30Z,10670,50,447,114,12800,100
android-async-http/android-async-http,2011-02-20T03:25:07Z,10639,0,872,275,7065,155
apereo/cas,2011-09-09T01:36:42Z,10600,2581,73419,11986,67154,8151
jeasonlzy/okhttp-OkGo,2016-01-15T10:35:24Z,10586,0,2043,586,7020,362
cryptomator/cryptomator,2014-02-02T00:43:47Z,10574,1062,3431,590,7214,414
jhy/jsoup,2009-12-19T01:29:58Z,10574,268,2119,648,77746,363
aosp-mirror/platform_frameworks_base,2008-10-21T18:20:37Z,10572,149589,0,0,0,1
tbruyelle/RxPermissions,2015-09-29T13:55:09Z,10482,0,93,22,202,21
lipangit/JiaoZiVideoPlayer,2016-02-06T11:04:24Z,10463,0,502,146,3908,70
OpenRefine/OpenRefine,2012-10-15T02:22:48Z,10419,714,8471,2198,15644,1325
google/auto,2013-05-22T21:41:56Z,10347,274,4679,1930,28332,1127
clojure/clojure,2010-06-29T20:03:33Z,10269,71,3079,1264,109298,811
TooTallNate/Java-WebSocket,2010-01-20T23:33:04Z,10253,40,997,481,9286,270
JakeWharton/ViewPagerIndicator,2011-08-04T17:13:44Z,10146,0,397,179,1932,67
Activiti/Activiti,2012-09-13T11:34:43Z,9885,116,18830,5313,300111,3332
wasabeef/glide-transformations,2015-01-09T10:33:29Z,9863,0,150,58,75,28
asLody/VirtualApp,2016-07-06T13:25:23Z,9845,31,5430,3675,22168,1421
googlesamples/easypermissions,2015-12-22T18:05:53Z,9806,0,295,49,403,34
debezium/debezium,2016-01-22T20:17:05Z,9795,2090,17111,3663,133840,2462
jwtk/jjwt,2014-09-13T01:06:24Z,9793,77,3077,1098,14271,545
HarlonWang/AVLoadingIndicatorView,2015-10-24T20:18:33Z,9723,0,328,164,621,93
YoKeyword/Fragmentation,2016-02-23T08:54:55Z,9721,0,1486,485,4293,285
ksoichiro/Android-ObservableScrollView,2014-11-08T14:45:20Z,9658,0,1680,659,2536,336
hackware1993/MagicIndicator,2016-06-26T08:20:43Z,9645,0,515,138,2775,104
react-native-camera/react-native-camera,2015-04-01T00:54:40Z,9638,0,0,0,0,1
liaohuqiu/android-Ultra-Pull-To-Refresh,2014-11-13T03:13:10Z,9597,0,653,228,3082,162
lzyzsd/JsBridge,2015-02-26T12:10:58Z,9593,0,98,33,407,29
perwendel/spark,2011-05-05T11:52:05Z,9592,0,1004,287,10413,222
koral--/android-gif-drawable,2013-01-30T01:37:46Z,9502,5,401,107,3823,66
bilibili/DanmakuFlameMaster,2013-08-11T12:18:50Z,9497,0,888,277,8171,173
umano/AndroidSlidingUpPanel,2013-05-31T18:33:53Z,9491,0,84,23,2244,18
lihengming/spring-boot-api-project-seed,2017-06-23T10:06:30Z,9486,0,75,19,146,16
MyCATApache/Mycat-Server,2014-12-04T02:46:54Z,9463,1,6387,1671,101328,1292
stanfordnlp/CoreNLP,2013-06-27T21:13:49Z,9427,267,26405,7232,641172,4406
pockethub/PocketHub,2011-09-08T16:52:50Z,9397,0,1394,314,1917,213
apple/pkl,2024-01-19T17:28:45Z,9262,136,9013,7149,38179,1442
OpenFeign/feign,2013-06-26T23:28:16Z,9235,354,5324,1902,15039,1093
datahub-project/datahub,2015-11-18T05:47:40Z,9128,2275,24199,2630,37937,2231
Justson/AgentWeb,2017-05-12T07:45:56Z,9112,10,1382,381,4811,257
crossoverJie/cim,2018-05-20T15:55:56Z,9106,0,850,226,3343,177
android/testing-samples,2014-10-11T03:51:27Z,9093,21,468,114,268,85
plantuml/plantuml,2010-11-04T15:55:50Z,9469,530,25786,5554,136581,3575
trinodb/trino,2019-01-19T06:38:14Z,9454,6516,0,0,0,1
resilience4j/resilience4j,2015-06-03T09:21:01Z,9381,42,10687,2282,26936,1527
GcsSloop/AndroidNote,2016-01-04T23:51:36Z,9069,0,39,11,65,9
navasmdc/MaterialDesignLibrary,2014-09-30T07:37:17Z,9009,0,372,149,554,83
ssssssss-team/spider-flow,2020-03-27T11:07:15Z,9003,0,867,279,3273,162
huanghaibin-dev/CalendarView,2017-03-11T07:16:09Z,8950,0,1156,380,9360,177
didi/VirtualAPK,2017-06-29T07:25:05Z,8948,0,798,263,2865,164
cats-oss/android-gpuimage,2012-10-04T08:11:58Z,8879,0,453,330,1729,154
nathanmarz/storm,2011-09-17T07:55:13Z,8849,0,3779,1102,28143,852
awsdocs/aws-doc-sdk-examples,2016-08-18T19:06:57Z,8837,1163,10069,1542,9854,1498
laobie/StatusBarUtil,2016-02-15T03:06:06Z,8822,0,137,51,744,34
signalapp/Signal-Server,2013-12-09T07:10:36Z,8807,964,9058,1462,16747,1027
PaperMC/Paper,2016-01-22T05:40:19Z,8744,1023,389,34,144,29
zfile-dev/zfile,2019-08-19T13:57:56Z,8729,61,1900,428,1390,274
chrisbanes/Android-PullToRefresh,2011-11-29T09:59:56Z,8714,0,494,173,4579,83
firebase/quickstart-android,2016-04-26T17:13:27Z,8705,90,1203,319,986,233
Freelander/Android_Data,2015-04-04T01:37:44Z,8680,0,4,2,6,3
Blankj/awesome-java-leetcode,2017-04-17T15:51:41Z,8657,0,121,72,84,73
KunMinX/Jetpack-MVVM-Best-Practice,2019-10-31T05:21:01Z,8632,51,576,193,1428,120
chrisjenx/Calligraphy,2013-12-20T02:35:45Z,8589,0,143,36,284,26
json-path/JsonPath,2011-01-24T13:19:19Z,8579,23,1677,547,10779,369
facebook/buck,2013-04-17T18:12:18Z,8571,1,0,0,0,1
ybq/Android-SpinKit,2016-03-20T08:40:51Z,8567,0,342,225,1528,72
SonarSource/sonarqube,2011-01-05T11:05:17Z,8499,2943,59740,9800,207095,8316
junit-team/junit4,2009-01-13T03:41:26Z,8498,6,5679,2073,19066,1472
seven332/EhViewer,2014-05-14T12:03:52Z,8460,0,4294,1095,27203,602
shwenzhang/AndResGuard,2015-10-11T11:48:06Z,8453,1,233,99,1477,67
dropwizard/dropwizard,2011-01-19T19:52:29Z,8447,732,8252,2127,26377,1379
airbnb/epoxy,2016-08-08T23:05:11Z,8440,10,4741,1115,93383,633
roughike/BottomBar,2016-03-16T01:31:05Z,8424,0,324,85,4070,67
spring-projects/spring-security,2012-01-10T21:50:57Z,8348,2355,38324,6700,57819,5340
provectus/kafka-ui,2019-11-26T15:55:55Z,8348,374,0,0,0,1
react-native-image-picker/react-native-image-picker,2015-06-08T20:25:31Z,8346,63,64,17,691,12
apache/shenyu,2018-07-11T08:17:45Z,8264,598,19893,4123,55588,3338
hs-web/hsweb-framework,2016-01-18T03:51:39Z,8245,174,5005,1032,8923,815
LawnchairLauncher/lawnchair,2017-03-03T13:12:58Z,8240,6572,19808,3383,184259,2161
java-native-access/jna,2011-04-29T13:30:29Z,8230,73,11469,5979,105314,2355
florent37/MaterialViewPager,2015-04-24T17:53:15Z,8165,0,200,57,413,45
alibaba/atlas,2017-02-28T06:31:43Z,8115,0,12395,3143,65566,2195
checkstyle/checkstyle,2013-08-31T02:05:05Z,8103,1470,0,0,0,1
google/tsunami-security-scanner,2020-06-03T16:20:00Z,8083,53,1678,416,3789,275
guolindev/LitePal,2013-02-20T03:20:07Z,8066,0,1007,332,9939,202
Team-xManager/xManager,2021-02-08T11:31:10Z,7986,232,1031,630,6341,618
Netflix/SimianArmy,2012-07-06T22:00:05Z,7956,0,1783,434,7674,306
alibaba/otter,2013-08-09T09:31:22Z,7947,2,5830,1783,42048,1297
JakeWharton/hugo,2013-11-25T09:16:40Z,7916,0,40,8,194,8
HannahMitt/HomeMirror,2015-08-23T03:20:08Z,7869,0,180,71,353,67
ChrisRM/material-theme-jetbrains,2015-09-23T07:15:04Z,7859,0,1545,805,30139,358
beemdevelopment/Aegis,2016-08-15T19:10:31Z,7854,154,3039,706,8971,412
karatelabs/karate,2017-02-07T15:59:17Z,7811,295,3472,675,65046,559
aritraroy/UltimateAndroidReference,2017-04-10T07:28:27Z,7803,0,1,1,0,2
dropwizard/metrics,2010-02-26T19:44:42Z,7794,381,3648,901,6376,674
Tencent/Hippy,2019-11-15T01:55:31Z,7787,754,4201,1166,74631,781
davemorrissey/subsampling-scale-image-view,2013-08-26T16:45:25Z,7770,0,405,114,5740,73
flyway/flyway,2012-12-14T18:43:22Z,7733,41,3367,900,30407,597
trello/RxLifecycle,2015-07-20T13:32:23Z,7718,0,527,134,114,82
testcontainers/testcontainers-java,2015-04-12T12:44:59Z,7704,1821,4425,1223,18566,828
conductor-oss/conductor,2023-12-08T06:06:09Z,7645,381,6217,1049,65107,831
StarRocks/starrocks,2021-09-04T02:29:35Z,7643,8517,49759,10031,834489,6700
facebook/litho,2017-01-27T03:59:11Z,7640,2214,15549,2712,89989,2143
wildfirechat/im-server,2019-01-23T15:21:28Z,7637,114,6143,1431,106382,930
vipshop/vjtools,2018-05-29T09:07:08Z,7600,0,1188,484,9968,380
kaushikgopal/RxJava-Android-Samples,2014-07-23T05:13:52Z,7551,1,570,157,791,87
gedoor/MyBookshelf,2018-06-12T03:48:07Z,7527,0,4239,983,39245,670
junixapp/XPopup,2018-12-07T06:16:48Z,7521,14,1435,481,6985,306
goldze/MVVMHabit,2017-07-21T10:38:40Z,7502,0,1143,406,5029,320
koush/AndroidAsync,2012-08-24T07:27:04Z,7493,0,1962,832,10556,544
google/android-classyshark,2015-10-12T13:40:48Z,7465,2,672,271,2173,213
CatVodTVOfficial/TVBoxOSC,2022-06-23T00:40:29Z,7463,0,2224,651,17096,513
apache/beam,2016-02-02T08:00:06Z,7454,3798,114984,23907,284921,15537
lecho/hellocharts-android,2014-10-12T09:12:37Z,7423,0,965,233,6165,154
kevin-wayne/algs4,2015-08-31T09:28:49Z,7369,12,1108,281,12528,276
swagger-api/swagger-core,2011-07-05T23:44:11Z,7328,152,6493,1639,63590,1323
dyc87112/SpringCloud-Learning,2016-08-21T03:39:52Z,7324,0,1836,326,8965,313
flowable/flowable-engine,2016-10-13T07:21:43Z,7323,345,57318,14211,1326390,8836
leolin310148/ShortcutBadger,2013-11-15T12:51:52Z,7322,0,164,36,108,32
square/dagger,2012-08-02T23:25:32Z,7314,0,1276,497,2429,405
pentaho/pentaho-kettle,2013-10-08T18:27:11Z,7311,454,64975,13941,876036,11025
yuanguangxin/LeetCode,2020-01-11T01:02:02Z,7302,4,173,141,98,142
Bearded-Hen/Android-Bootstrap,2013-11-01T15:36:17Z,7289,0,550,132,2480,80
Tencent/Shadow,2019-06-13T10:50:27Z,7278,14,2827,1190,10890,670
pedant/sweet-alert-dialog,2014-10-19T09:24:09Z,7254,0,70,20,497,17
abel533/Mapper,2014-11-21T11:02:10Z,7247,8,2207,551,13923,447
apache/tomcat,2011-10-01T07:00:19Z,7245,1448,20482,8033,726283,4612
crazycodeboy/TakePhoto,2015-08-04T02:05:32Z,7237,0,278,69,599,56
bytedeco/javacv,2014-04-21T13:50:26Z,7237,18,1355,473,29758,223
google/closure-compiler,2014-04-16T15:30:36Z,7233,642,18626,4206,3332735,2838
Qihoo360/RePlugin,2017-06-08T09:39:09Z,7222,0,2255,644,14451,455
google/agera,2015-12-17T13:22:58Z,7208,0,1835,360,4305,291
software-mansion/react-native-svg,2016-01-17T14:29:21Z,7204,96,1133,431,16479,165
geeeeeeeeek/WeChatLuckyMoney,2015-09-30T16:11:20Z,7197,0,113,29,185,22
alibaba/transmittable-thread-local,2013-10-13T08:48:33Z,7171,117,866,222,1915,156
jacoco/jacoco,2012-07-08T21:45:13Z,3998,115,3638,1258,11285,886
qunarcorp/bistoury,2019-08-01T07:54:25Z,3967,0,6582,1705,29147,1362
rememberber/WePush,2017-06-23T09:03:36Z,3956,367,1876,431,6922,272
pqpo/SmartCropper,2017-08-03T11:08:41Z,3950,1,75,16,1470,13
rengwuxian/RxJavaSamples,2016-03-24T13:08:10Z,3947,0,241,74,85,54
crate/crate,2013-04-10T09:17:16Z,3944,1589,58297,12768,358191,7805
camunda/camunda-bpm-platform,2013-01-03T10:10:31Z,3932,403,65971,16842,900019,10389
pytorch/serve,2019-10-03T03:17:43Z,3931,434,1307,338,13107,228
binIoter/GuideView,2016-06-19T08:52:25Z,3924,0,131,48,288,36
javastacks/spring-boot-best-practice,2018-11-09T06:23:18Z,3911,22,796,186,527,171
aurelhubert/ahbottomnavigation,2016-03-17T12:17:56Z,3845,0,235,54,2644,47
angryip/ipscan,2011-06-28T20:58:48Z,3839,15,1908,638,1583,384
rovo89/XposedInstaller,2012-04-02T20:33:05Z,3833,0,994,288,1729,204
lzyzsd/CircleProgress,2014-10-30T16:14:42Z,3794,0,144,42,2144,26
JavaNoober/BackgroundLibrary,2018-09-09T08:52:45Z,3786,2,570,144,4067,120
roboguice/roboguice,2012-08-12T20:37:19Z,3775,0,15624,4632,23771,3336
sunfusheng/MarqueeView,2016-06-01T06:50:46Z,3759,0,119,30,120,23
timehop/sticky-headers-recyclerview,2014-10-03T01:57:46Z,3742,0,134,37,94,30
jetty/jetty.project,2011-07-14T01:11:57Z,3737,2504,63764,18760,298919,11466
mpusher/mpush,2016-04-28T01:43:19Z,3727,0,1883,535,9777,399
willowtreeapps/spruce-android,2017-02-23T20:34:18Z,3714,0,593,167,653,123
Ereza/CustomActivityOnCrash,2014-07-04T19:46:21Z,3706,0,81,20,485,16
wendux/DSBridge-Android,2017-01-02T11:58:53Z,3705,0,140,52,751,48
ryanhoo/StylishMusicPlayer,2016-09-13T14:38:32Z,3695,0,975,254,2564,195
CameraKit/blurkit-android,2016-11-06T03:14:58Z,3695,0,61,15,303,11
yangfuhai/ASimpleCache,2013-07-28T13:50:59Z,3682,0,129,42,1117,30
fishercoder1534/Leetcode,2016-07-31T05:28:15Z,3680,184,6913,4376,1326,4375
awaitility/awaitility,2010-01-22T15:12:52Z,3669,19,539,203,2471,171
oddfar/campus-imaotai,2023-07-07T10:37:13Z,3666,68,1382,307,4442,218
vaticle/typedb,2016-07-11T23:59:57Z,3659,328,11939,3552,40366,1290
google/rejoiner,2017-12-06T19:09:53Z,3657,0,867,206,645,132
litesuits/android-common,2014-05-29T08:08:00Z,3643,0,299,106,10570,86
pingfangushi/screw,2020-06-21T11:37:06Z,3639,1,678,184,713,137
apache/incubator-heron,2015-09-25T16:09:24Z,3637,14,9780,2421,35513,1736
VaughnVernon/IDDD_Samples,2013-04-08T22:12:57Z,3637,0,2906,1049,17790,652
liuyubobobo/Play-with-Algorithms,2016-07-05T18:16:22Z,3625,0,376,134,700,134
ethanhua/Skeleton,2017-07-30T06:42:39Z,3621,0,123,41,152,34
MovingBlocks/Terasology,2011-03-04T03:49:19Z,3613,80,17052,4056,70118,2811
apache/kylin,2015-01-03T08:00:05Z,3598,508,30717,6025,558168,4187
tyrantgit/ExplosionField,2015-09-23T11:34:50Z,3597,0,49,15,43,11
geoserver/geoserver,2011-11-10T19:56:06Z,3553,623,84869,21493,508533,11803
arimorty/floatingsearchview,2015-11-22T02:38:32Z,3545,0,482,159,3548,136
google/data-transfer-project,2018-01-04T21:27:57Z,3542,94,5535,1015,5662,807
JakeWharton/ThreeTenABP,2015-07-03T17:35:09Z,3533,20,33,10,10,8
lsjwzh/RecyclerViewPager,2015-01-17T18:30:34Z,3533,0,306,106,708,72
dropbox/hackpad,2015-08-14T02:32:17Z,3532,0,3150,1118,94273,620
WVector/AppUpdate,2017-06-19T09:38:42Z,3531,0,284,74,2377,65
react-native-share/react-native-share,2015-09-30T02:27:34Z,3519,93,222,82,349,41
googlemaps/android-maps-utils,2013-05-17T00:08:48Z,3518,73,1431,344,7900,213
andremion/Music-Player,2016-05-06T21:55:37Z,3513,0,141,56,161,33
undertow-io/undertow,2012-07-19T00:52:44Z,3512,194,15601,3774,110057,3078
uber/NullAway,2017-09-01T17:35:57Z,3512,189,2196,612,21290,507
baoyongzhang/SwipeMenuListView,2014-08-24T15:40:45Z,3509,0,145,48,503,34
bitcoin-wallet/bitcoin-wallet,2012-03-31T17:06:47Z,3509,83,2888,663,2142,388
ZHENFENG13/My-Blog,2019-03-04T09:17:00Z,3498,2,276,61,1714,59
dingjikerbo/Android-BluetoothKit,2015-10-08T09:07:33Z,3479,0,982,299,4507,242
alibaba/Alink,2018-09-30T06:36:11Z,3478,20,51902,13389,283210,8031
KingJA/LoadSir,2017-09-02T08:32:15Z,3447,0,384,115,297,75
crossoverJie/SSM,2016-06-21T10:09:02Z,3441,0,695,251,24155,219
FasterXML/jackson-databind,2011-12-23T07:17:41Z,3441,816,18595,8552,123998,4901
openhab/openhab1-addons,2013-09-20T20:28:43Z,3432,0,0,0,0,1
rubensousa/PreviewSeekBar,2017-01-24T23:52:44Z,3429,10,130,27,648,24
ittianyu/BottomNavigationViewEx,2016-11-12T08:39:38Z,3417,0,142,46,1454,30
shopizer-ecommerce/shopizer,2012-11-21T03:42:39Z,3414,25,9661,2069,42123,1234
anggrayudi/android-hidden-api,2015-09-16T11:58:33Z,3396,0,34,4,226,5
PlexPt/chatgpt-java,2022-12-07T04:55:33Z,3394,133,336,71,82,58
RoaringBitmap/RoaringBitmap,2013-06-17T20:29:23Z,3365,119,3393,685,154626,613
dromara/dynamic-tp,2022-01-07T16:35:27Z,3338,876,2377,645,9217,489
iammert/ScalingLayout,2017-10-01T12:28:34Z,3337,0,90,33,117,28
phodal/migration,2020-01-08T02:11:38Z,3335,0,17,12,1,13
luojilab/DDComponentForAndroid,2017-09-07T05:48:44Z,3327,0,158,67,342,52
spotbugs/spotbugs,2016-11-04T22:18:08Z,3321,434,21499,6728,133698,4945
kevinsawicki/http-request,2011-10-21T19:54:58Z,3320,0,376,187,13189,169
coderbruis/JavaSourceCodeLearning,2020-06-02T13:34:20Z,3319,0,905,399,995,318
woxingxiao/BubbleSeekBar,2016-11-03T14:31:05Z,3317,0,147,39,2751,31
shekhargulati/99-problems,2015-11-22T05:56:33Z,3306,0,226,133,224,134
trojan-gfw/igniter,2018-11-08T22:19:03Z,3304,0,807,216,2798,178
grpc-ecosystem/grpc-spring,2016-12-30T09:06:15Z,3298,197,2652,597,2180,405
googlesamples/mlkit,2020-05-28T21:40:38Z,3297,65,1350,266,1337,179
lihangleo2/ShadowLayout,2019-07-09T07:17:06Z,3295,28,163,41,699,36
fabric8io/kubernetes-client,2015-07-09T15:43:13Z,3280,856,132822,6939,517295,6183
apache/logging-log4j2,2013-06-12T07:00:19Z,3259,1197,18602,5155,155722,3356
eleme/UETool,2018-05-16T08:13:17Z,3256,0,627,197,900,114
java-aodeng/hope-boot,2018-10-17T07:50:48Z,3254,0,687,153,759,122
gouthampradhan/leetcode,2017-03-09T10:30:30Z,3247,0,1002,624,702,625
fesh0r/fernflower,2014-10-03T05:00:15Z,3241,39,2512,764,19785,628
tangqi92/Android-Tips,2015-09-10T09:01:47Z,3237,0,7,7,4,8
ragunathjawahar/android-saripaar,2012-09-08T11:52:30Z,3231,0,776,280,1745,149
jfinal/jfinal,2012-04-25T08:48:48Z,3230,10,2590,844,43876,568
Aliucord/Aliucord,2021-02-27T16:59:06Z,3217,53,574,119,6027,81
guoguibing/librec,2014-01-09T16:06:11Z,3216,0,3287,987,11807,480
bluelinelabs/LoganSquare,2015-02-17T03:24:12Z,3213,0,741,336,1661,193
daimajia/AndroidViewHover,2014-08-08T12:04:43Z,3208,0,68,23,1242,20
bilibili/boxing,2017-01-22T07:04:34Z,3193,0,910,187,2865,138
LinShunKang/MyPerf4J,2018-03-11T09:58:44Z,3189,18,1277,377,3321,326
amulyakhare/TextDrawable,2014-10-19T09:56:45Z,3163,0,102,25,188,19
rom1v/sndcpy,2020-06-09T19:36:57Z,3147,2,31,8,81,5
WinterChenS/my-site,2018-05-03T09:05:37Z,3145,23,557,107,3122,91
hongyangAndroid/Highlight,2015-10-08T15:03:40Z,3143,0,156,51,427,38
OpenHFT/Chronicle-Queue,2013-06-02T15:11:33Z,3140,314,2974,854,89884,536
MiguelCatalan/MaterialSearchView,2015-09-14T17:13:46Z,3824,0,166,54,929,42
linyiqun/DataMiningAlgorithm,2015-01-11T02:50:28Z,3807,0,289,137,1255,127
deepjavalibrary/djl,2019-10-29T22:38:54Z,3799,422,9732,2228,175655,1442
lygttpod/SuperTextView,2016-10-19T04:06:54Z,3766,0,262,100,12184,87
knowm/XChange,2012-02-02T10:48:28Z,3751,194,29851,7786,140555,5154
jMonkeyEngine/jmonkeyengine,2014-03-20T22:29:28Z,3673,230,21156,5600,164973,3256
KunMinX/Linkage-RecyclerView,2019-04-22T04:39:46Z,3617,3,480,116,779,76
nining377/dolby_beta,2020-05-19T12:13:36Z,3596,3,767,269,1471,186
shuzijun/leetcode-editor,2019-03-19T16:32:17Z,3593,15,1868,516,6034,297
bilibili/MagicaSakura,2016-06-23T07:54:59Z,3542,0,697,141,2137,85
code4craft/netty-learning,2013-09-19T02:24:25Z,3537,0,5723,1910,45686,1165
nytimes/Store,2016-11-29T20:17:11Z,3531,0,1798,453,4946,291
fyhertz/libstreaming,2013-01-30T21:24:47Z,3424,0,318,126,2073,90
sherxon/AlgoDS,2016-12-16T17:01:22Z,3419,0,948,713,1002,711
zhkl0228/unidbg,2019-02-26T09:32:15Z,3407,61,8834,2686,44726,1712
yigit/android-priority-jobqueue,2014-06-20T00:12:45Z,3407,0,1816,651,4108,380
uber/AutoDispose,2016-12-22T18:46:11Z,3355,49,1037,183,2762,134
spring-io/initializr,2013-06-07T16:02:22Z,3333,207,4131,904,22316,710
WritingMinds/ffmpeg-android-java,2014-09-11T10:12:09Z,3310,0,137,68,363,48
ferredoxin/QNotified,2019-03-24T05:12:41Z,3286,1,3069,833,24409,512
eishay/jvm-serializers,2010-04-25T03:12:00Z,3274,5,2340,665,16131,359
yacy/yacy_search_server,2015-03-22T12:54:20Z,3234,148,7655,1890,58809,1358
watabou/pixel-dungeon,2014-07-26T17:34:32Z,3457,0,4500,2122,10423,840
JCTools/JCTools,2013-11-10T18:04:40Z,3456,8,3626,3080,15733,789
FongMi/TV,2022-06-22T09:10:23Z,3451,3326,4657,1003,82771,720
xcc3641/SeeWeather,2016-02-20T13:10:14Z,3444,0,522,163,649,107
jtablesaw/tablesaw,2016-01-01T14:58:28Z,3427,17,4146,963,82257,755
avast/android-butterknife-zelezny,2013-12-23T14:24:08Z,3385,0,202,68,464,42
Suwayomi/Suwayomi-Server,2020-12-23T20:31:38Z,3372,336,1357,469,86075,275
immutables/immutables,2013-07-07T13:48:23Z,3362,66,12302,3360,75545,2622
abel533/MyBatis-Spring-Boot,2015-12-19T09:57:22Z,3362,0,104,25,104,21
gsantner/markor,2017-08-26T00:08:35Z,3315,102,2324,506,40216,337
chenBingX/SuperTextView,2017-04-17T11:32:41Z,3295,0,407,138,10390,121
actorapp/actor-platform,2015-06-21T00:29:57Z,3293,0,15966,4752,59362,3279
apache/incubator-kie-optaplanner,2011-02-15T19:38:23Z,3245,330,23375,6073,158547,3246
cSploit/android,2014-10-04T05:53:29Z,3235,0,2155,777,8014,513
android-notes/Cockroach,2017-02-14T03:43:51Z,3225,0,184,67,190,58
apache/linkis,2019-07-23T06:41:51Z,3224,670,12726,3457,85146,2612
pengjianbo/GalleryFinal,2015-09-21T07:01:17Z,3222,0,730,187,5965,132
AxonFramework/AxonFramework,2011-12-02T16:04:42Z,3215,1374,20235,4334,54074,3367
java8/Java8InAction,2013-10-28T23:59:40Z,3181,0,339,209,505,196
zzz40500/GsonFormat,2014-10-31T14:16:39Z,3168,0,297,153,5766,106
tchiotludo/akhq,2018-09-09T19:35:39Z,3165,126,2243,353,8802,275
chrisbanes/ActionBar-PullToRefresh,2013-06-04T14:44:53Z,3154,0,576,180,903,99
KeepSafe/ReLinker,2015-10-15T18:23:00Z,3136,0,138,56,189,44
yangchong211/YCAppTool,2017-09-28T07:44:04Z,3136,180,21938,6226,101782,4714
Marswin/MarsDaemon,2015-12-25T03:21:41Z,3129,0,142,49,178,38
airbnb/native-navigation,2016-09-16T17:16:56Z,3128,0,611,149,3233,111
dunwu/javacore,2017-08-18T11:05:08Z,3125,6,1066,1231,1932,1091
yipianfengye/android-adDialog,2016-08-02T08:00:57Z,3117,0,176,53,740,45
florent37/ShapeOfView,2018-02-18T12:14:06Z,3109,0,238,83,1335,47
Tencent/spring-cloud-tencent,2021-07-29T05:12:42Z,3108,128,4444,674,3718,640
zaaach/CityPicker,2016-02-27T09:11:27Z,3105,0,190,63,275,40
rbmonster/learning-note,2020-06-15T16:47:25Z,3093,37,1444,772,1904,659
bastillion-io/Bastillion,2013-02-07T23:11:49Z,3084,78,464,85,2067,65
guolindev/booksource,2016-10-04T02:55:57Z,3080,0,820,373,322,255
oblador/react-native-keychain,2015-05-20T15:33:48Z,3069,10,393,96,2279,57
bethrobson/Head-First-Design-Patterns,2014-04-28T21:04:55Z,3062,0,1138,687,1555,564
bytedance/ByteX,2020-01-10T12:20:07Z,3062,0,1814,610,5642,348
IrisShaders/Iris,2020-10-22T20:21:12Z,3057,702,5598,1228,20039,938
yarolegovich/SlidingRootNav,2017-03-26T22:58:48Z,3052,0,148,51,727,33
getActivity/Toaster,2018-09-16T05:28:57Z,3051,8,153,46,1319,35
react-native-google-signin/google-signin,2015-08-13T06:13:57Z,3048,41,87,23,111,16
TNG/ArchUnit,2017-04-21T08:39:20Z,3044,220,12853,4591,143807,3595
ZieIony/Carbon,2015-02-04T23:11:18Z,3044,0,3611,763,155471,455
torakiki/pdfsam,2013-09-24T11:06:13Z,3041,154,4374,877,2987,636
zwwill/yanxuan-weex-demo,2017-09-05T11:48:42Z,3039,0,185,242,482,236
xmuSistone/ViewpagerTransition,2016-09-19T05:38:45Z,3037,0,79,25,94,16
elvishew/xLog,2015-12-17T05:50:05Z,3029,0,399,162,4760,139
halirutan/IntelliJ-Key-Promoter-X,2017-07-28T22:09:25Z,3026,24,157,53,453,30
szerhusenBC/jwt-spring-security-demo,2016-03-20T19:16:17Z,3021,0,171,41,163,34
jgilfelt/android-viewbadger,2011-09-27T22:50:57Z,3020,0,58,18,456,15
real-logic/simple-binary-encoding,2013-09-03T09:13:34Z,3016,181,1252,208,62108,185
jd-alexander/LikeButton,2015-12-23T17:49:46Z,3013,0,102,23,373,17
zendesk/maxwell,2015-02-09T22:06:13Z,3901,102,1893,500,9882,309
bluelinelabs/Conductor,2016-03-16T18:42:41Z,3895,12,466,115,6134,86
NotFound9/interviewGuide,2016-04-20T07:17:09Z,3886,11,0,0,0,1
nextcloud/android,2016-06-06T21:23:36Z,3875,3724,5841,1070,54001,611
hneemann/Digital,2016-06-28T17:40:16Z,3864,54,9038,3053,23880,1816
Docile-Alligator/Infinity-For-Reddit,2018-07-26T15:02:51Z,3864,306,11153,2571,43584,1590
Sayi/poi-tl,2015-03-20T06:47:52Z,3860,55,3409,633,47069,526
charles2gan/GDA-android-reversing-Tool,2017-10-31T08:18:29Z,3848,7,41,16,918,17
IoT-Technology/IoT-Technical-Guide,2019-04-02T01:52:44Z,3841,0,1201,367,930,295
exadel-inc/CompreFace,2020-07-06T08:29:43Z,3836,222,2615,552,1297,334
amirzaidi/Launcher3,2017-05-30T12:53:32Z,3800,0,7176,1463,63044,991
jbloch/effective-java-3e-source-code,2018-08-03T20:48:35Z,3793,0,228,240,268,203
sofastack/sofa-rpc,2018-04-09T03:32:04Z,3788,63,7638,1965,36788,1478
Exrick/xboot,2018-04-23T14:44:18Z,3775,0,2588,423,927,350
JeremyLiao/LiveEventBus,2018-07-11T07:36:59Z,3758,0,1051,362,1181,331
stylefeng/Guns,2017-07-06T05:19:54Z,3748,0,133,26,180,20
andOTP/andOTP,2017-07-05T11:39:52Z,3741,0,1012,249,6875,167
s4kibs4mi/java-developer-roadmap,2019-04-23T06:42:13Z,3735,1,0,1,0,2
promeG/TinyPinyin,2015-09-30T03:24:50Z,3722,1,134,71,569,66
yanzhenjie/NoHttp,2015-07-29T06:11:12Z,3706,0,1016,342,10408,229
allure-framework/allure2,2016-05-27T14:06:05Z,3693,197,1625,354,2940,269
apache/incubator-streampark,2019-05-27T05:56:03Z,3679,610,3442,576,10617,467
jlegewie/zotfile,2011-12-30T14:47:42Z,3674,15,0,0,0,1
Atmosphere/atmosphere,2010-06-30T14:26:23Z,3667,40,4883,1174,41273,839
mcxtzhang/SwipeDelMenuLayout,2016-08-25T08:10:45Z,3659,0,124,50,208,41
stfalcon-studio/ChatKit,2017-02-02T09:37:15Z,3656,0,623,313,3832,109
lisawray/groupie,2016-09-01T20:59:35Z,3640,9,474,170,2781,94
RipMeApp/ripme,2017-01-06T17:12:09Z,3615,0,1630,920,9816,343
rockerhieu/emojicon,2014-01-18T12:32:38Z,3612,0,201,61,264,40
yanzhenjie/AndServer,2016-06-14T00:52:52Z,3606,14,1075,330,10283,215
linhaojun857/aurora,2022-08-19T13:39:16Z,3606,114,2179,334,2170,300
ByteLegend/ByteLegend,2021-02-01T10:11:30Z,3600,3,2059,296,214714,296
dongjunkun/DropDownMenu,2015-06-23T07:43:56Z,3592,0,86,26,41,20
kikoso/android-stackblur,2013-08-15T14:44:32Z,3586,0,72,45,24,42
networknt/light-4j,2016-09-09T22:28:14Z,3585,466,5003,1304,26763,1114
tronprotocol/java-tron,2017-12-26T10:20:38Z,3585,725,13960,2934,116205,1570
linkedin/databus,2012-12-17T17:49:17Z,3581,0,8321,2052,70850,1517
johncarl81/parceler,2013-07-03T02:53:01Z,3561,0,2067,594,7299,441
davideas/FlexibleAdapter,2015-05-02T22:00:43Z,3551,0,1964,689,33353,327
luontola/retrolambda,2013-07-20T07:25:22Z,3539,0,592,339,2161,241
vert-x3/vertx-examples,2015-02-24T17:42:44Z,3509,39,1864,670,525,386
hmkcode/Android,2013-09-02T16:12:28Z,3495,0,268,93,116,57
codeestX/GeekNews,2016-08-07T14:56:56Z,3492,0,2031,635,4394,440
spockframework/spock,2010-12-12T19:02:34Z,3482,246,3708,998,23788,687
201206030/novel-plus,2020-05-02T07:15:43Z,3475,91,2520,482,17618,395
huburt-Hu/NewbieGuide,2017-07-28T06:54:05Z,3473,0,336,92,814,79
zhpanvip/BannerViewPager,2017-03-28T09:11:11Z,3465,17,394,103,3392,74
sofastack/sofa-jraft,2019-03-04T10:13:43Z,3453,34,9505,2239,113347,1539
guolindev/giffun,2019-01-28T05:11:00Z,3434,0,2573,611,12112,479
WuKongOpenSource/Wukong_HRM,2023-10-17T05:49:52Z,3432,11,8251,1498,23228,1266
lenve/JavaEETest,2016-12-13T02:13:58Z,3408,0,531,168,566,155
spring-cloud/spring-cloud-kubernetes,2016-12-13T21:36:25Z,3407,549,7843,1307,5276,1056
alamkanak/Android-Week-View,2014-09-17T10:07:12Z,3404,0,98,34,6435,28
GitLqr/LQRWeChat,2017-02-07T06:32:40Z,3390,1,1932,547,7309,387
Snailclimb/guide-rpc-framework,2020-05-10T13:24:42Z,3639,4,386,92,96,80
LibrePDF/OpenPDF,2016-07-11T15:50:34Z,3243,248,5747,1434,84648,923
mbechler/marshalsec,2017-05-22T11:43:57Z,3229,0,525,131,1044,73
eclipse-openj9/openj9,2017-08-25T13:46:07Z,3211,2686,23868,11032,793561,7181
alibaba/cobar,2014-01-15T11:20:09Z,3208,0,5265,2122,43701,1092
amitshekhariitbhu/PRDownloader,2017-11-11T19:29:38Z,3200,1,374,167,1527,161
bauerca/drag-sort-listview,2012-06-01T06:32:13Z,3198,0,306,138,2268,80
facebookarchive/network-connection-class,2015-03-18T02:16:43Z,3182,0,54,21,64,17
wix/react-native-notifications,2016-04-06T13:17:44Z,3176,13,294,69,560,52
nicolasgramlich/AndEngine,2011-11-22T14:20:11Z,3172,0,2981,1344,43946,799
Skykai521/StickerCamera,2015-07-05T14:12:43Z,3169,0,1296,591,11963,318
yangfuhai/afinal,2012-10-17T08:10:00Z,3161,0,374,129,7178,89
danylovolokh/VideoPlayerManager,2015-07-09T21:32:15Z,3148,0,515,156,1183,121
mxdldev/android-mvp-mvvm-flytour,2018-12-25T10:42:31Z,3139,0,1448,700,4971,540
mmin18/RealtimeBlurView,2016-09-21T15:59:51Z,3134,0,95,27,87,16
requery/requery,2015-11-14T00:45:31Z,3132,0,3857,955,18743,711
zhou-you/RxEasyHttp,2017-06-07T09:33:47Z,3124,0,1462,421,16946,356
Netflix/concurrency-limits,2017-12-11T19:32:41Z,3123,21,581,161,958,126
evrencoskun/TableView,2017-06-13T04:29:44Z,3121,0,712,174,6177,108
hitherejoe/animate,2015-11-16T15:06:22Z,3118,0,357,104,215,53
mplushnikov/lombok-intellij-plugin,2013-10-09T21:49:01Z,3108,138,5448,2330,21877,1506
JackyAndroid/AndroidChromium,2016-07-04T07:28:36Z,3067,0,15524,3796,182955,2735
apache/curator,2014-03-03T08:00:07Z,3064,53,6708,1550,15252,1332
Grt1228/chatgpt-java,2023-02-11T08:54:54Z,3055,280,1276,212,2383,193
KeepSafe/dexcount-gradle-plugin,2015-06-04T03:33:17Z,3051,30,328,93,1866,65
gabrielemariotti/RecyclerViewItemAnimators,2014-08-22T00:24:43Z,3050,0,294,93,231,60
JackyAndroid/AndroidTVLauncher,2016-03-27T08:59:19Z,3042,0,167,43,465,31
CrawlScript/WebCollector,2014-07-12T03:16:12Z,3041,4,538,284,4795,106
sofastack/sofa-jarslink,2018-02-02T06:02:09Z,3041,1,118,38,70,34
yusugomori/DeepLearning,2013-01-01T16:23:53Z,3037,0,50,13,28,12
JFormDesigner/FlatLaf,2019-08-19T10:27:05Z,3024,265,2958,2924,51765,805
dmytrodanylyk/android-process-button,2014-05-02T20:39:23Z,3010,0,105,39,511,21
yui/yuicompressor,2008-12-05T19:13:24Z,3010,0,58,22,1238,15
googlesamples/google-services,2015-05-20T22:45:11Z,3006,0,217,51,132,33
AdoptOpenJDK/jitwatch,2013-09-30T14:18:17Z,3001,26,2638,737,16623,587
facebookarchive/react-native-fbsdk,2015-08-03T17:10:14Z,2991,0,258,65,408,37
wildfly/wildfly,2010-07-08T20:46:07Z,2989,2803,86696,19115,247398,13614
smartloli/EFAK,2017-02-04T08:52:23Z,2989,107,978,217,1163,186
pedrovgs/DraggablePanel,2014-04-13T11:40:54Z,2988,0,237,68,2333,46
vran-dev/PrettyZoo,2019-09-28T02:23:21Z,2986,19,899,194,2761,154
bmelnychuk/AndroidTreeView,2015-02-11T02:48:05Z,2983,0,256,65,2230,46
BruceEckel/OnJava8-Examples,2015-04-20T22:34:50Z,2982,0,2755,2421,2762,1884
EngineHub/WorldEdit,2010-09-28T08:11:57Z,2976,212,10826,2119,50065,1581
lovetuzitong/MultiImageSelector,2015-04-08T10:12:50Z,2969,0,138,38,229,30
Tencent/VasDolly,2017-01-19T09:12:31Z,2968,8,81,30,354,24
jasonross/Nuwa,2015-11-11T14:48:23Z,2964,0,20,10,12,9
AsamK/signal-cli,2015-05-11T10:49:42Z,2950,376,3351,760,21857,489
pengwei1024/JsBridge,2015-09-02T03:46:37Z,640,0,311,125,1267,77
c-kzxvldkhX/receiptnotice,2018-08-19T10:46:56Z,640,5,420,146,653,98
react-native-google-cast/react-native-google-cast,2016-05-23T04:06:07Z,640,15,593,177,1272,151
RomanTruba/AndroidTouchGallery,2012-07-02T16:48:54Z,640,0,131,62,225,29
atarw/material-ui-swing,2016-07-23T05:16:10Z,639,0,408,646,151860,194
Will-Ls/WeiYue,2017-11-04T11:07:14Z,639,0,1062,346,11147,256
scottyab/AESCrypt-Android,2014-10-03T10:01:36Z,638,0,6,3,28,3
ilmila/J2EEScan,2015-04-01T06:43:44Z,638,0,1160,114,405,114
nuuneoi/Lab-Android-DesignLibrary,2015-06-20T15:08:54Z,638,0,25,8,12,6
rebeyond/memShell,2018-05-24T02:55:48Z,638,0,37,19,337,18
ZHENFENG13/perfect-ssm,2017-07-07T03:01:15Z,638,0,181,38,237,38
andremion/Louvre,2017-01-25T17:42:19Z,637,0,251,61,551,37
confluentinc/parallel-consumer,2020-06-03T12:36:03Z,637,89,2183,389,7333,240
ImmortalZ/RadarScan,2016-05-05T01:39:22Z,636,0,92,30,343,22
erikwt/PullToRefresh-ListView,2011-07-11T09:53:21Z,636,0,66,19,121,16
ikew0ng/Dribbo,2013-07-18T04:24:29Z,636,0,497,158,1161,93
malmstein/yahnac,2015-02-23T13:01:09Z,636,0,1037,293,2591,215
nisrulz/recyclerviewhelper,2016-03-12T17:01:02Z,636,0,54,20,48,15
yacy/yacy_grid_crawler,2017-04-19T12:18:18Z,636,0,64,12,62,10
livelessons-spring/building-microservices,2015-05-07T17:44:02Z,635,0,1103,245,266,221
devunwired/custom-touch-examples,2012-05-31T13:31:11Z,635,0,113,36,150,19
vikramkakkar/ImageTransition,2016-10-11T15:37:44Z,634,0,90,29,299,21
pinterest/DoctorK,2017-08-21T15:30:24Z,634,0,672,130,696,86
apache/aurora,2013-11-05T08:00:13Z,634,0,9455,1930,13016,1322
SCADA-LTS/Scada-LTS,2016-07-06T15:00:08Z,634,429,18292,3263,135444,2185
spring-projects/spring-modulith,2022-07-05T17:46:27Z,634,359,2670,639,3596,552
MatthewYork/Colours,2014-01-25T04:31:10Z,634,0,15,6,10198,5
HJ-Money/MTransition,2018-06-21T03:58:40Z,633,0,881,245,1843,181
Meituan-Dianping/octo-rpc,2018-12-20T06:49:45Z,633,0,7767,2418,43436,1626
klinker41/android-chips,2014-07-03T02:22:11Z,633,0,326,86,11442,62
digitalfondue/lavagna,2014-10-30T11:46:26Z,633,1,3628,511,7191,420
pavlospt/Android-Studio-Tips-by-Philippe-Breault,2014-09-04T13:05:14Z,632,0,1,1,0,2
mergebase/log4j-detector,2021-12-12T00:29:03Z,631,0,36,25,766,20
eclipse-leshan/leshan,2015-02-06T15:44:24Z,631,228,8301,1439,17413,1103
liaohuqiu/leakcanary-demo,2015-05-09T09:21:02Z,631,0,20,10,7,7
JeasonWong/FlipShare,2016-09-07T10:33:09Z,630,0,57,19,216,17
JakeWharton/RxReplayingShare,2016-03-01T06:41:06Z,629,0,57,18,213,15
google/closure-templates,2014-04-16T15:31:58Z,629,715,19013,3932,101699,2308
HomHomLin/SlidingLayout,2016-04-12T05:28:09Z,629,0,59,27,317,18
googleworkspace/android-samples,2013-11-05T15:42:03Z,628,0,413,122,167,51
Mike-bel/MDStudySamples,2016-08-04T07:23:43Z,628,0,229,88,153,42
gaucho-matrero/altoclef,2020-12-15T02:47:12Z,627,7,3649,803,12145,399
ysnows/DoubleScrollVIew,2015-04-22T01:46:15Z,626,0,81,25,47,16
saulmm/From-design-to-Android-part1,2017-02-25T23:07:37Z,626,0,92,23,107,18
monsonlee/BigData,2016-11-19T02:25:14Z,625,0,247,67,1344,58
Consensys/teku,2018-09-07T09:30:05Z,624,933,38804,6482,172811,4540
Ebryx/AES-Killer,2018-09-24T10:41:41Z,624,0,23,13,62,10
LGH1996/TapClick,2020-02-09T15:25:45Z,622,119,624,212,325,173
wiglenet/wigle-wifi-wardriving,2012-09-16T18:50:59Z,622,183,2064,427,10372,277
jitsi/libjitsi,2013-04-24T21:01:15Z,621,11,5128,1525,49373,984
chiuki/android-test-demo,2015-04-09T03:39:16Z,621,0,61,18,2,14
InstantWebP2P/node-android,2014-08-21T01:19:15Z,621,2,2664,1184,22034,849
babyfish-ct/jimmer,2022-05-03T09:52:05Z,620,1454,11836,2887,51235,1768
JFXtras/jfxtras-styles,2012-08-21T01:28:06Z,620,6,759,152,1044,101
GeekZooStudio/ECMobile_Android,2013-11-11T04:19:05Z,619,0,4740,1278,23564,843
qbhy/poster-generater,2018-12-18T07:35:15Z,618,2,157,49,153,33
Jude95/Beam,2015-07-26T09:26:51Z,617,0,270,89,1129,54
GoogTech/sms-ssm,2019-06-09T13:15:56Z,617,0,153,31,894,32
OpenHFT/Java-Runtime-Compiler,2013-09-24T00:05:33Z,617,25,48,29,142,27
trello/navi,2015-10-06T14:17:51Z,617,0,319,55,709,45
megagao/IndoorPos,2016-06-08T12:35:22Z,616,0,187,113,694,100
lyj8330328/leyou,2018-08-30T05:09:00Z,615,1,1113,216,3687,204
DroidPlanner/Tower,2013-02-19T12:51:08Z,615,0,3330,821,14632,532
Luolc/EmojiRain,2016-12-16T15:35:42Z,614,0,38,10,124,9
MiCode/SoundRecorder,2011-12-29T13:09:48Z,613,0,111,31,613,24
HarinTrivedi/FABRevealMenu-master,2016-09-06T11:49:04Z,613,1,141,29,560,19
matthewrkula/SecretTextView,2014-05-28T04:33:44Z,613,0,24,9,53,7
weavey/LoadingLayoutDemo,2016-11-28T02:38:30Z,613,0,60,21,432,19
mymagicpower/AIAS,2021-06-04T06:13:06Z,613,98,2738,470,3909,421
TakuSemba/RtmpPublisher,2018-01-20T07:39:31Z,613,0,187,54,136,53
jineshfrancs/CaptchaImageView,2016-11-25T06:27:14Z,613,0,38,13,100,12
chanjarster/artemis-disruptor-miaosha,2017-05-05T00:58:53Z,612,0,434,100,385,87
moxie0/AndroidPinning,2011-12-05T03:24:09Z,612,0,48,14,63,10
oracle/fastr,2015-09-24T13:20:14Z,612,228,31743,10907,457327,4250
takimafr/androidkickstartr,2012-09-24T21:05:38Z,610,0,1955,421,30684,279
fashare2015/ActivityTracker,2016-12-26T10:05:20Z,608,0,42,13,16,11
automvc/bee,2018-06-21T14:37:07Z,608,344,157,200,10068,119
desktopqa/Cynthia,2014-07-14T03:06:10Z,608,0,1468,233,49683,204
qiguliuxing/dts-shop,2019-12-08T13:15:50Z,607,0,2351,566,937405,487
canyie/Dreamland,2020-01-24T09:57:05Z,606,37,410,173,4434,97
cdflynn/bubble-scroll,2017-03-10T20:43:43Z,606,0,74,21,376,18
PortSwigger/backslash-powered-scanner,2016-11-02T09:20:09Z,605,19,110,14,179,12
prmr/JetUML,2015-01-07T18:59:09Z,603,201,2975,563,8690,362
Kamilahsantos/Java-week-LinuxTips,2023-03-15T16:36:47Z,601,10,41,26,50,22
nickm980/smallville,2023-05-17T16:11:55Z,601,290,482,141,732,117
sanfengAndroid/FakeXposed,2021-02-03T08:40:09Z,601,0,851,220,4295,149
worldline/FoldableLayout,2015-10-23T14:17:41Z,601,0,75,25,174,20
ryanhoo/PhotoCropper,2012-11-14T02:35:17Z,600,0,41,8,107,8
Taishi-Y/InstagramLikeColorTransitionAndroid,2017-01-06T13:01:41Z,600,0,9,4,0,4
qiurunze123/zookeeperDesign,2018-09-28T14:20:34Z,600,0,74,24,91,25
80945540/LCRapidDevelop,2016-07-20T01:42:49Z,600,0,964,299,5061,208
heinrichreimer/material-drawer,2014-11-12T01:28:05Z,599,0,323,82,3667,64
satorufujiwara/material-scrolling,2015-09-16T12:15:25Z,598,0,185,60,97,40
pinball83/Masked-Edittext,2016-01-11T11:19:54Z,598,0,46,14,198,11
dsbGenius/WhiteBoard,2016-05-26T09:05:43Z,597,0,293,76,1734,63
neevek/Paginize,2014-03-28T17:18:39Z,596,0,1101,337,6147,212
rewanthtammana/Damn-Vulnerable-Bank,2020-09-12T11:55:50Z,596,4,336,99,139,77
JFXtras/jfxtras,2012-02-13T20:03:59Z,595,0,4888,1668,44701,944
SmartPack/SmartPack-Kernel-Manager,2017-10-19T01:11:27Z,595,21,3030,896,44699,571
VictorAlbertos/RxActivityResult,2016-03-14T20:24:48Z,595,0,175,52,188,38
